"modelCode","category","arabicName","englishName","turkishName","curated","representativeColourwayCode","namingReason"
"WTW-001","Geometric","عروق","Veins","Damarlar","false","WTW-001-C04","Fine branching lines cross a pale ground."
"WTW-002","Abstract","قصاصات","Fragments","Parçalar","true","WTW-002-C02","Angular fragments create a lively, irregular mosaic."
"WTW-003","Linear","مداد","Ink","Mürekkep","true","WTW-003-C03","Worn horizontal strokes suggest layered ink marks."
"WTW-004","Geometric","كتل","Blocks","Bloklar","false","WTW-004-C04","Broad rectangular fragments form the repeated structure."
"WTW-006","Organic","صدع","Rift","Yarık","true","WTW-006-C01","Strong branching fissures read clearly even at thumbnail size."
"WTW-008","Organic","تشعّب","Branchwork","Dallanma","false","WTW-008-C04","Fine vein-like branches spread through the repeat."
"WTW-009","Textural","عتق","Patina","Eskitme","true","WTW-009-C02","Layered vertical distress gives a deep textile patina."
"WTW-010","Ornamental","هالات","Halos","Haleler","true","WTW-010-C05","Small radiant medallions repeat at a measured scale."
"WTW-011","Geometric","شظايا","Shards","Kırıklar","true","WTW-011-C01","Sharp, scattered linear pieces form an airy composition."
"WTW-012","Geometric","زوايا","Angles","Açılar","false","WTW-012-C03","Nested angular routes dominate the dense repeat."
"WTW-013","Linear","محاور","Axes","Eksenler","true","WTW-013-C05","Intersecting vertical and horizontal lines anchor the design."
"WTW-014","Linear","إيقاع","Cadence","Ritim","true","WTW-014-C02","Short offset strokes produce a steady linear beat."
"WTW-015","Geometric","مدار","Orbit","Yörünge","true","WTW-015-C03","Centered geometric medallions give each repeat an orbital focus."
"WTW-016","Geometric","مسالك","Pathways","Güzergâhlar","true","WTW-016-C01","Bold interlocking routes create a graphic maze."
"WTW-017","Abstract","طيف","Spectrum","Tayf","true","WTW-017-C01","Soft irregular fields shift between light and dark."
"WTW-018","Geometric","ذرّات","Specks","Benekler","false","WTW-018-C04","Small scattered marks sit over a regular field."
"WTW-019","Geometric","نثار","Scatter","Saçılım","true","WTW-019-C02","Dark flecks scatter across a loose open mesh."
"WTW-020","Geometric","هدوء","Quiet","Sükûnet","false","WTW-020-C01","The near-tone-on-tone repeat is exceptionally restrained."
"WTW-021","Linear","تدرّج","Gradient","Gradyan","false","WTW-021-C01","A gentle tonal transition is the design's main feature."
"WTW-022","Geometric","معبر","Crossing","Geçit","false","WTW-022-C01","Diagonal crossings create an open lattice-like field."
"WTW-023","Geometric","سنابل","Spikes","Başaklar","false","WTW-023-C01","Tiny pointed marks repeat in disciplined rows."
"WTW-024","Geometric","متاهة","Maze","Labirent","false","WTW-024-C01","Continuous fine turns weave across the repeat."
"WTW-025","Geometric","غرز","Stitches","İlmekler","false","WTW-025-C01","Small interlocked marks resemble close textile stitches."
"WTW-026","Geometric","ميل","Incline","Eğim","false","WTW-026-C01","Fine lines lean uniformly across the surface."
"WTW-027","Linear","مسافات","Intervals","Aralıklar","false","WTW-027-C01","Evenly spaced horizontal lines define the pattern."
"WTW-028","Geometric","حلقات","Loops","Halkalar","false","WTW-028-C01","Repeating narrow oval loops give a vertical rhythm."
"WTW-029","Geometric","خلايا","Cells","Hücreler","false","WTW-029-C01","A tight cellular grid repeats at small scale."
"WTW-030","Geometric","أوجه","Facets","Yüzeyler","false","WTW-030-C01","Triangular faces catch the eye within the repeat."
"WTW-031","Geometric","تطريز","Stitchwork","İşleme","false","WTW-031-C01","Fine diamond marks recall embroidered textile detail."
"WTW-032","Geometric","بذور","Seeds","Tohumlar","false","WTW-032-C01","Pointed seed-like cells recur in vertical rows."
"WTW-033","Geometric","سطور","Rows","Sıralar","false","WTW-033-C01","Compact horizontal units build successive rows."
"WTW-034","Geometric","حبيبات","Grains","Tanecikler","false","WTW-034-C01","A very fine granular repeat creates soft texture."
"WTW-035","Geometric","علامات","Marks","İşaretler","false","WTW-035-C01","Tiny distinct symbols punctuate the pale ground."
"WTW-036","Geometric","تموّج","Undulation","Dalgalanma","false","WTW-036-C01","Small repeated waves ripple through the grid."
"WTW-037","Geometric","عيون","Eyes","Gözler","false","WTW-037-C01","Elongated eye-shaped motifs repeat vertically."
"WTW-038","Geometric","أعمدة","Columns","Sütunlar","false","WTW-038-C01","Quiet upright elements establish a columnar rhythm."
"WTW-039","Geometric","سهام","Arrows","Oklar","false","WTW-039-C01","Fine chevrons point in a clear repeating direction."
"WTW-040","Geometric","مربّعات","Squares","Kareler","false","WTW-040-C01","A grid of tonal squares structures the surface."
"WTW-041","Geometric","وحدات","Motifs","Motifler","false","WTW-041-C01","Small repeating units form a measured all-over pattern."
"WTW-042","Abstract","غيم","Cloud","Bulut","false","WTW-042-C01","A pale drifting shape softens the geometric field."
"WTW-043","Geometric","نسج","Weave","Dokuma","false","WTW-043-C01","Close herringbone lines resemble a woven surface."
"WTW-044","Geometric","أروقة","Corridors","Koridorlar","true","WTW-044-C01","Warm continuous turns suggest architectural passageways."
"WTW-045","Botanical","سعف","Fronds","Palmiye","true","WTW-045-C02","Layered leaf fronds make the botanical motif unmistakable."
"WTW-046","Geometric","صعود","Ascent","Yükseliş","false","WTW-046-C01","Repeated upward chevrons give a rising motion."
"WTW-047","Geometric","مجسّمات","Volumes","Hacimler","false","WTW-047-C01","Alternating line groups imply three-dimensional blocks."
"WTW-048","Geometric","تداخل","Overlap","Örtüşme","false","WTW-048-C01","Fine nested outlines visually overlap one another."
"WTW-049","Geometric","سداسيات","Hexagons","Altıgenler","false","WTW-049-C01","The repeating six-sided cell is the dominant motif."
"WTW-050","Organic","مراوح","Fans","Yelpazeler","true","WTW-050-C01","Curving fan-like leaves bring a soft organic rhythm."
"WTW-051","Geometric","قشور","Scales","Pullar","true","WTW-051-C01","Layered pointed units read as a bold scale pattern."
"WTW-052","Geometric","مناظير","Perspectives","Perspektifler","true","WTW-052-C01","Open cubic geometry gives a clear sense of depth."
"WTW-053","Textural","نقوش","Etching","Gravür","true","WTW-053-C01","Slanted scratched marks form a tactile etched texture."
"WTW-054","Organic","رخام","Marble","Mermer","true","WTW-054-C01","Fine branching mineral veins evoke marble."
"WTW-055","Organic","أمواج","Waves","Dalgalar","true","WTW-055-C01","Concentric ovals move across the surface like waves."
"WTW-056","Organic","شقوق","Cracks","Çatlaklar","false","WTW-056-C02","Dark fracture lines spread across a pale background."
"WTW-057","Abstract","تناثر","Spatter","Sıçrama","true","WTW-057-C02","Expressive splashes make a distinctive abstract field."
"WTW-058","Linear","سكون","Stillness","Dinginlik","true","WTW-058-C02","Sparse horizontal traces leave generous quiet space."
"WTW-059","Organic","منحنيات","Curves","Kıvrımlar","true","WTW-059-C02","Broad contour lines flow in irregular soft paths."
"WTW-060","Geometric","رقش","Patternwork","Bezeme","false","WTW-060-C01","Dense miniature geometry reads as subtle ornament."
"WTW-061","Textural","ظلال","Shadows","Gölgeler","true","WTW-061-C01","Soft tonal patches create a subdued shadowed texture."
"WTW-062","Geometric","نسيج","Texture","Doku","false","WTW-062-C01","A fine textile-like grain covers the warm ground."
"WTW-063","Geometric","خيوط","Threads","İplikler","false","WTW-063-C01","Regular short strands recall interlaced threads."
"WTW-064","Geometric","شبكيات","Mesh","Ağ","false","WTW-064-C01","Tiny closely packed intersections form a mesh."
"WTW-065","Geometric","رسوبيات","Sediment","Tortu","false","WTW-065-C01","Fine layered markings suggest settled strata."
"WTW-066","Geometric","قطريات","Diagonals","Köşegenler","false","WTW-066-C01","Fine oblique strokes create a directional repeat."
"WTW-067","Linear","سدى","Warp","Çözgü","false","WTW-067-C01","Close parallel yarn-like lines recall the warp of a weave."
